filename,num_channels,result,kws_score_first,e2e_score_first,final_decision_first,kws_score_second,final_decision_second,detected_keyword,total_time_ms,iva_time_ms,iva_convert_ms,iva_stft_fwd_ms,iva_auxiva_ms,iva_stft_inv_ms,iva_copy_ms
pcm/bb_male_50cm_ld_nhyy_1._289.pcm,2,1,0.802234,0.999990,1,NA,NA,你好悠悠,212.5890,0.0000,0.0000,0.0000,0.0000,0.0000,0.0000
pcm/ia_male_1m_fake_news_src6_12h_processed._1825.pcm,2,1,0.000000,0.001150,0,0.706968,1,你好悠悠,892.8500,577.4130,0.0190,16.2020,555.6920,5.4510,0.0460
pcm/ia_male_1m_fake_news_src6_1h_processed._1860.pcm,2,0,0.000000,0.001830,0,0.000000,0,NA,925.7670,554.7640,0.0330,5.6330,544.4350,4.6320,0.0290
pcm/vl_car_0926_comb398._1166.pcm,2,1,0.000000,0.950354,0,0.512591,1,你好悠悠,868.2340,550.2540,0.0350,6.0650,539.4300,4.6720,0.0480
pcm/test3.wav,2,0,0.000000,0.020398,0,0.000000,0,NA,954.5080,549.0900,0.0260,5.7970,538.4850,4.7290,0.0500
