filename,num_channels,result,kws_score_first,e2e_score_first,final_decision_first,kws_score_second,final_decision_second,detected_keyword,total_time_ms,iva_time_ms,iva_convert_ms,iva_stft_fwd_ms,iva_auxiva_ms,iva_stft_inv_ms,iva_copy_ms
pcm/bb_male_50cm_ld_nhyy_1._289.pcm,2,1,0.802234,0.999990,1,NA,NA,你好悠悠,224.7650,0.0000,0.0000,0.0000,0.0000,0.0000,0.0000
pcm/ia_male_1m_fake_news_src6_12h_processed._1825.pcm,2,1,0.000000,0.001150,0,0.703742,1,你好悠悠,1269.1460,947.6210,0.0250,16.6060,924.9200,6.0110,0.0550
pcm/ia_male_1m_fake_news_src6_1h_processed._1860.pcm,2,0,0.000000,0.001830,0,0.000000,0,NA,1304.7390,927.2220,0.0410,5.8340,916.3190,4.9720,0.0530
pcm/vl_car_0926_comb398._1166.pcm,2,1,0.000000,0.950354,0,0.542571,1,你好悠悠,1244.6220,922.6700,0.0350,5.8830,911.7800,4.9150,0.0550
pcm/test3.wav,2,0,0.000000,0.020398,0,0.000000,0,NA,1331.8880,922.3730,0.0740,5.5690,911.6900,4.9750,0.0620
